Ten duong,Luu luong (xe/ngay),Ty le xe may (%),Ty le o to (%),So luong xe may (xe/h),So luong o to (xe/h)
Đình Nghi Xuân,80020,71,9,2367.0,300.0
X1,86167,74,10,2657.0,359.0
X2,88939,75,10,2779.0,371.0
Hẻm 14/23 đường số 53,80369,68,5,2277.0,167.0
Hẻm 1331 Lê Đức Thọ,87648,71,9,2593.0,329.0
Hẻm 1261 Lê Đức Thọ,87648,71,9,2593.0,329.0
Học Lạc,140240,73,9,4266.0,526.0
Đường Đặng Thùy Trâm,152882,71,7,4523.0,446.0
Đường Lê Cơ,122882,71,7,3635.0,358.0
Đường số 17B,159882,71,7,4730.0,466.0
Đường Xts 17,159882,71,7,4730.0,466.0
Nguyễn Thức Tự,178940,75,9,5592.0,671.0
Hẻm 117 Hồ Văn Long,39643,68,7,1123.0,116.0
Hẻm 167,29643,68,7,840.0,86.0
Hẻm 212,22643,68,7,642.0,66.0
Vân Côi,166117,69,5,4776.0,346.0
Đường số 14A,197022,68,6,5582.0,493.0
Đường số 13A,176100,69,10,5063.0,734.0
Hồ Xuân Hương,206110,77,6,6613.0,515.0
Hẻm 246/64 Hòa Hưng,11086,78,6,360.0,28.0
An Phú Đông 10,161750,76,7,5122.0,472.0
Thạnh Lộc 22,162938,77,10,5228.0,679.0
Đường SINCO,168566,76,6,5338.0,421.0
Ấp Bắc,110327,68,5,3126.0,230.0
Phùng Khắc Khoan,278678,75,5,8709.0,581.0
Hẻm 236 Hồ Văn Huê,87436,74,6,2696.0,219.0
Hoàng Đạo Thúy,100255,74,7,3091.0,292.0
Đường số 1A,103422,68,6,2930.0,259.0
Hẻm 1014 Tân Kỳ Tân Quý,41462,75,8,1296.0,138.0
Số 2,59885,72,10,1797.0,250.0
Phan Văn Dối,145722,72,5,4372.0,304.0
Hương lộ 80,252641,75,5,7895.0,526.0
Đông Hưng Thuận 42,133001,78,9,4323.0,499.0
Đông Hưng Thuận 11,126182,76,8,3996.0,421.0
Xuân Thới 7,47059,72,5,1412.0,98.0
Đường Xuân Thới 2,47059,72,5,1412.0,98.0
Đường Xuân Thới 10,47059,72,5,1412.0,98.0
Đường N2,151864,70,9,4429.0,569.0
Hầm chui An Sương - N2,151864,70,9,4429.0,569.0
Xuân Thới 15,42778,68,10,1212.0,178.0
Võ Văn Vân,195482,68,9,5539.0,733.0
Đường Vành đai ĐHQG,284424,74,10,8770.0,1185.0
Nguyễn Ngọc Phương,167800,77,8,5384.0,559.0
Phan Văn Hân,237622,71,10,7030.0,990.0
Đặng Thúc Vịnh,245909,77,9,7890.0,922.0
Nguyễn Hoàng,272043,73,6,8275.0,680.0
Bùi Văn Ngữ,175813,78,8,5714.0,586.0
Đường số 4,157898,72,9,4737.0,592.0
Đường số 18,108423,71,7,3208.0,316.0
18,108423,71,7,3208.0,316.0
Mã Lò,150866,73,8,4589.0,503.0
Đường Mã Lò,150866,73,8,4589.0,503.0
Đường số 69,177761,69,6,5111.0,444.0
Hẻm 1917 Phạm Thế Hiển,29892,77,9,959.0,112.0
Hẻm 2385 Phạm Thế Hiển,20492,73,5,623.0,43.0
An Phú Đông 3,138076,71,6,4085.0,345.0
Vòng xoay Mỹ Thủy,330282,77,8,10597.0,1101.0
Hẻm 239 Khuông Việt,49230,77,5,1579.0,103.0
Hầm chui An Sương - N1,303244,76,7,9603.0,884.0
Ngã tư An Sương,379560,76,8,12019.0,1265.0
Yersin,107343,75,8,3354.0,358.0
Đông Thạnh 2,118601,76,8,3756.0,395.0
Hẻm 551 Lê Văn Khương,46549,71,8,1377.0,155.0
Nguyễn Lương Bằng nối dài,245790,69,6,7066.0,614.0
Đường Nguyễn Lương Bằng,245790,69,6,7066.0,614.0
Hẻm 295 Tân Hòa Đông,50035,78,8,1626.0,167.0
Lý Thánh Tông,175794,78,6,5713.0,439.0
Hẻm 322 Hòa Hưng,21104,72,10,633.0,88.0
Võ Hữu Lợi,131774,68,6,3734.0,329.0
Hẻm 686 Quốc lộ 1A,77728,76,9,2461.0,291.0
Chiến Lược,264387,68,8,7491.0,881.0
Hẻm 265 An Dương Vương,52211,69,7,1501.0,152.0
Cầu An Lạc,246350,77,7,7904.0,719.0
Cầu Ông Búp,37171,69,6,1069.0,93.0
Bến Lội,175823,74,10,5421.0,733.0
Lê Tấn Bê,125405,77,5,4023.0,261.0
Tân Hóa,164027,72,8,4921.0,547.0
Cầu Tân Hóa,286472,78,9,9310.0,1074.0
Tự Do,168448,75,7,5264.0,491.0
Đường số 23,158242,72,5,4747.0,330.0
Đường số 42,106706,72,8,3201.0,356.0
Đường số 39,194599,72,6,5838.0,486.0
Nguyễn Thị Nhung,130856,77,10,4198.0,545.0
Câu vượt Ngã tư Gò Mây,363283,72,5,10898.0,757.0
Cầu vượt Ngã tư Gò Mây,351332,78,10,11418.0,1464.0
Lê Văn Tách,172045,75,10,5376.0,717.0
Cầu Ngô Chí Quốc,223901,76,5,7090.0,466.0
Đường D10,141245,73,10,4296.0,589.0
RAI_65_Q9_009,33693,75,6,1053.0,84.0
RAI_65_Q9_007,68038,71,6,2013.0,170.0
Hem 3m,40699,74,7,1255.0,119.0
Khuất Văn Bức,161576,78,7,5251.0,471.0
Nguyễn Thị Thử,197371,69,5,5674.0,411.0
Bình Đức,126921,75,5,3966.0,264.0
Thạnh Lộc 13,146789,68,5,4159.0,306.0
cầu vượt,26026,72,5,781.0,54.0
Đi ga quốc tế,307565,78,8,9996.0,1025.0
Đi ga trong nước,306687,68,9,8689.0,1150.0
cầu vượt vào sân bay,341338,72,5,10240.0,711.0
Cầu vượt Hàng Xanh,350234,75,7,10945.0,1022.0
Cao Văn Lầu,139473,72,9,4184.0,523.0
Đường Cao Văn Lầu,139473,72,9,4184.0,523.0
Cầu Kênh C,60440,78,6,1964.0,151.0
Cầu vượt Ngã Sáu Gò Vấp,399239,73,10,12144.0,1663.0
Hòa Hảo,295956,75,8,9249.0,987.0
Cầu Phú An,250765,75,8,7836.0,836.0
Hàn Hải Nguyên,265189,75,9,8287.0,994.0
Đường Hàn Hải Nguyên,265189,75,9,8287.0,994.0
Trần Bình Trọng,261926,77,7,8403.0,764.0
Đường Trần Bình Trọng,261926,77,7,8403.0,764.0
Nguyễn Cơ Thạch,396836,70,5,11574.0,827.0
Lò Gốm,203789,69,10,5859.0,849.0
Tân Hoá,136391,75,10,4262.0,568.0
Đường Tân Hóa,136391,75,10,4262.0,568.0
cầu Rạch Ông,191125,70,7,5574.0,557.0
Lê Duẩn,375256,74,8,11570.0,1251.0
Cầu Ông Buông 2,139253,74,7,4294.0,406.0
Bưng Ông Thòan,105376,76,8,3337.0,351.0
đường vành đai Sam Sung,253630,74,10,7820.0,1057.0
Đường Vành Đai Sam Sung,253630,74,10,7820.0,1057.0
đường song hành cao tốc Long Thành Dầu Giây,245575,75,6,7674.0,614.0
Tháp Mười,130724,77,10,4194.0,545.0
Đường số 18B,189833,70,10,5537.0,791.0
Cầu Phú Hữu,269983,77,5,8662.0,562.0
Phường Phú Hữu,269983,77,5,8662.0,562.0
Bà Hom,297344,73,10,9044.0,1239.0
Nguyễn Văn Yến,163358,72,9,4901.0,613.0
Liên khu 10-11,101733,76,7,3222.0,297.0
Đại lộ vòng cung,237842,76,6,7532.0,595.0
Công Trường Quách Thị Trang,351683,78,5,11430.0,733.0
Nguyễn Cư Trinh,260034,71,7,7693.0,758.0
Phường Nguyễn Cư Trinh,260034,71,7,7693.0,758.0
Đường Vành Đai,298588,75,6,9331.0,746.0
Cầu Tạ Quang Bửu,298198,71,6,8822.0,745.0
Trương Phước Phan,156212,72,7,4686.0,456.0
Tân Xuân 6,24379,69,6,701.0,61.0
Sư Van Hạnh,339420,75,10,10607.0,1414.0
Khuông Việt,277861,74,8,8567.0,926.0
Hoà Hảo,248480,71,7,7351.0,725.0
Hòa Bình,277925,76,6,8801.0,695.0
Đường Hòa Bình,277925,76,6,8801.0,695.0
Đường số 34,137610,73,6,4186.0,344.0
Nguyễn Đức Thuận,159563,78,6,5186.0,399.0
Đông Hồ,125403,69,9,3605.0,470.0
Bùi Thị Xuân,214379,71,5,6342.0,447.0
Lê Thị Riêng,248125,74,9,7651.0,930.0
Trịnh Phong Đáng,195451,70,5,5701.0,407.0
Phan Đình Phùng,349647,72,10,10489.0,1457.0
Phạm Văn Hai,296566,72,8,8897.0,989.0
Cầu vượt Nút giao Quốc lộ 1A (Số 11),338124,77,5,10848.0,704.0
Đoàn Hồng Phước,12075,71,8,357.0,40.0
Nguyễn Văn Săng,247015,74,7,7616.0,720.0
Trần Tấn,273236,70,7,7969.0,797.0
Nguyễn Thế Truyện,163631,76,7,5182.0,477.0
Bình Chiểu,183004,70,5,5338.0,381.0
Hoàng Thế Thiện,196558,75,8,6142.0,655.0
Cây Bàng,21877,73,10,665.0,91.0
Tuyến 7 Xuân Thới Sơn,35662,71,9,1055.0,134.0
Nhị Tân 1,22702,70,9,662.0,85.0
Phường Thạnh Xuân,101831,71,7,3013.0,297.0
Thạnh Xuân 25,701831,71,7,20763.0,2047.0
Thạnh Lộc 29,81831,71,7,2421.0,239.0
Nguyễn Huệ,345564,70,9,10079.0,1296.0
Trần Quang Cơ,191036,78,5,6209.0,398.0
Đường số 3B,196434,68,7,5566.0,573.0
Đường số 2A,163144,73,8,4962.0,544.0
Đường Liên Ấp 5-6,105361,68,10,2985.0,439.0
Trang Tử,174407,72,9,5232.0,654.0
Quốc lộ 1K,346105,72,8,10383.0,1154.0
Lê Lợi Boulevard,264811,71,9,7834.0,993.0
Thạnh Lộc 27,171172,75,5,5349.0,357.0
Thạnh Lộc 15,166188,75,10,5193.0,692.0
Đường sô 44,183672,69,7,5281.0,536.0
vòng xoay Thái Bình,290365,75,10,9074.0,1210.0
Nhánh A1,56586,77,7,1815.0,165.0
Thạnh Lộc 43,149864,70,5,4371.0,312.0
Cầu vượt Lăng Cha Cả,372978,68,5,10568.0,777.0
Đường cao tốc Tp. Hồ Chí Minh-Long Thành-Dầu Giây,367666,73,8,11183.0,1226.0
Đường cao tốc Thành phố Hồ Chí Minh – Long Thành – Dầu Giây,367666,73,8,11183.0,1226.0
X4,12068,75,8,377.0,40.0
X5,16659,74,6,514.0,42.0
Nhánh D2,83857,76,10,2655.0,349.0
Dủổng D28,83857,76,10,2655.0,349.0
D28,83857,76,10,2655.0,349.0
Lê Thánh Tôn,323082,72,6,9692.0,808.0
Nguyễn Thông,210968,74,7,6505.0,615.0
Nhánh B2,47362,72,8,1421.0,158.0
Nhánh B1,66028,74,10,2036.0,275.0
Nhánh A2,94591,72,7,2838.0,276.0
Nhánh B1A,72925,69,9,2097.0,273.0
D2,139264,75,10,4352.0,580.0
D7,129264,75,10,4040.0,539.0
Dủổng D2,139264,75,10,4352.0,580.0
Hậu Lân - Bà Diểm,152218,71,9,4503.0,571.0
BÀ Diểm 3,99958,70,9,2915.0,375.0
Xuân Thới Thuượng 7,78462,72,10,2354.0,327.0
Xuân Thới 3,116857,78,7,3798.0,341.0
Thạnh Lộc 30,181165,72,9,5435.0,679.0
Cầu Trùm Bích,51123,72,10,1534.0,213.0
Thạnh Lộc 29,187268,75,7,5852.0,546.0
Cầu Phú Long,256963,78,9,8351.0,964.0
Cầu vượt Hương lộ 2,355978,76,5,11273.0,742.0
Đường số 26,196475,69,9,5649.0,737.0
Số 10,24890,77,6,799.0,62.0
Đường số 10,24890,77,6,799.0,62.0
Dủổng Sổ 10,24890,77,6,799.0,62.0
Cầu Kênh 6,94799,71,5,2804.0,197.0
Kênh Tân Hoá,72579,78,5,2359.0,151.0
Đường Kênh Tân Hoá,72579,78,5,2359.0,151.0
Đường D2,179835,78,7,5845.0,525.0
Nhánh C1,16672,73,7,507.0,49.0
Nhánh C2,36852,70,10,1075.0,154.0
Hương lộ 10,206125,70,7,6012.0,601.0
Raymondienne,63987,72,10,1920.0,267.0
Đường Cao tốc Tp. Hồ Chí Minh-Long Thành-Dầu Giây,360929,74,6,11129.0,902.0
Đường ven hồ trung tâm,135789,71,10,4017.0,566.0
Cống Mỹ Phú,29333,72,7,880.0,86.0
Kênh 10,22258,74,9,686.0,83.0
Nguyễn Viết Xuân,124358,71,6,3679.0,311.0
Đường GS1,196023,74,10,6044.0,817.0
Ao Đôi,148804,72,9,4464.0,558.0
Lê Ngung,135293,77,6,4341.0,338.0
Cầu Kênh 5,35512,75,6,1110.0,89.0
Cầu Kênh 7,36440,73,5,1108.0,76.0
Cầu Kênh 8,39720,68,5,1125.0,83.0
Cầu Kênh 9,35127,77,5,1127.0,73.0
Đường D4,108295,76,7,3429.0,316.0
Đường Liên khu 4-5,167364,73,5,5091.0,349.0
Phường Tân Thới Nhất,202625,72,10,6079.0,844.0
Tân Thới Nhất 2,142625,72,10,4279.0,594.0
Tân Thới Nhất 5,142625,72,10,4279.0,594.0
Tân Thới Nhất 8,163902,70,8,4780.0,546.0
Hẻm 413/8 đường Liên tỉnh 5,63902,70,8,1864.0,213.0
Hẻm 413 đường Liên tỉnh 5,63902,70,8,1864.0,213.0
Hẻm 399/46 đường Liên tỉnh 5,63902,70,8,1864.0,213.0
Cầu Thầy Tiêu 2,41298,71,9,1222.0,155.0
Phạm Ngũ Lão,234808,73,6,7142.0,587.0
Đường Pham Ngũ Lão,234808,73,6,7142.0,587.0
Bà Diem 10,75740,71,10,2241.0,316.0
Ba Diểm 9,51244,77,7,1644.0,149.0
Tân Thới Nhất 6,140045,72,7,4201.0,408.0
Cầu Kênh 4,34427,76,10,1090.0,143.0
Hầm chui,50652,74,9,1562.0,190.0
Tân Sơn,231503,73,6,7042.0,579.0
Tân Liễu,83364,71,7,2466.0,243.0
Đường Liên ấp 2 3 4,124072,75,10,3877.0,517.0
Đường Chùa,94524,72,8,2836.0,315.0
Bờ Huệ,49065,77,7,1574.0,143.0
Đường T11,76278,76,8,2415.0,254.0
Đường dẫn sảnh ga đi quốc tế,354458,70,5,10338.0,738.0
Cầu Huyện Thanh,66324,71,9,1962.0,249.0
Hầm chui Mỹ Thủy,394367,70,9,11502.0,1479.0
Cầu Kỳ Hà 3,208773,73,8,6350.0,696.0
Đường số 836,57134,74,8,1762.0,190.0
Trung Mỹ Tây 2A,162202,78,10,5272.0,676.0
Thảo Điền,362491,69,5,10422.0,755.0
Miếu Bình Đông,68205,75,10,2131.0,284.0
Hẻm 124 đường số 14,67253,68,5,1906.0,140.0
Lê Văn Quới,286344,71,7,8471.0,835.0
Đường Lê Văn Quới,286344,71,7,8471.0,835.0
Phan Anh,263036,73,9,8001.0,986.0
Đường số 5D,156921,70,10,4577.0,654.0
Đường số 5F,195126,76,8,6179.0,650.0
Xã Trung Chánh,142126,76,8,4501.0,474.0
Xã Xuân Thới Sơn,122126,76,8,3867.0,407.0
Phường Bình Trưng Đông,125126,76,8,3962.0,417.0
Phường Long Thạnh Mỹ,135126,76,8,4279.0,450.0
Đường Lê Cơ,165126,76,8,5229.0,550.0
Phường Trung Mỹ Tây,115126,76,8,3646.0,384.0
Phường An Khánh,115121,76,8,3645.0,384.0
Đường Long Thuận,163126,76,8,5166.0,544.0
Đường số 5,191126,76,8,6052.0,637.0
Lê Quang Chiểu,138870,73,5,4224.0,289.0
Nguyễn Lý,137572,68,8,3898.0,459.0
Thạch Lam,128014,73,8,3894.0,427.0
Hương Lộ 3,267764,71,6,7921.0,669.0
Vòng xoay,165594,75,10,5175.0,690.0
Vòng xoay Nguyễn Duy Trinh,395561,71,10,11702.0,1648.0
Đường Nguyễn Duy Trinh,395561,71,10,11702.0,1648.0
Cầu Phú Định,392897,76,9,12442.0,1473.0
Láng Le Bàu Cò,147298,69,7,4235.0,430.0
Kênh Nước Đen,182822,74,7,5637.0,533.0
Đường số 20,136737,76,7,4330.0,399.0
Bàu Cát ,147145,78,8,4782.0,490.0
Bảy Hiền,215776,68,5,6114.0,450.0
Đường số 20,166390,72,7,4992.0,485.0
Cầu Bình Lợi,357365,78,9,11614.0,1340.0
Cầu Rạch Lăng,250920,75,9,7841.0,941.0
Phạm Văn Đồng,308244,72,9,9247.0,1156.0
Đường Phạm Văn Đổng,308244,72,9,9247.0,1156.0
Đường B,163883,74,5,5053.0,341.0
Cầu Ga 2,78373,71,5,2319.0,163.0
Cầu Ga 1B,71686,72,9,2151.0,269.0
Cầu An Phú Đông 2,69898,74,7,2155.0,204.0
Số 54,68714,75,5,2147.0,143.0
Cầu Bà Cua,55152,73,10,1678.0,230.0
Cầu vượt Tân Tạo,201938,69,9,5806.0,757.0
Phường Tân Tạo,211938,69,9,6093.0,795.0
Phường Tân Tạo A,211938,69,9,6093.0,795.0
Cầu vượt Cây Gõ,347030,73,9,10555.0,1301.0
3 Tháng 2,355401,69,10,10218.0,1481.0
Đường số 41,129885,73,8,3951.0,433.0
Xã Phú Xuân,49885,73,8,1517.0,166.0
7,29885,73,8,909.0,100.0
Tân Long,136301,74,6,4203.0,341.0
Vtt,25425,71,8,752.0,85.0
Đặng Công Bỉnh,154050,69,8,4429.0,514.0
Cầu Sa,53698,77,6,1723.0,134.0
Cầu Cái Tâm,32669,71,10,966.0,136.0
Đường Xuyên Tâm,32669,71,10,966.0,136.0
Cầu Kênh 10,18244,68,5,517.0,38.0
Cống Cái Trung,10962,75,7,343.0,32.0
Hồ Văn Long,101606,78,7,3302.0,296.0
Cầu Nhị Thiên Đường 1,212741,69,9,6116.0,798.0
Cầu Nhị Thiên Đường 2,282342,71,10,8353.0,1176.0
Cao Thắng,382354,74,5,11789.0,797.0
Đường Cao Thắng,382354,74,5,11789.0,797.0
Vòng xoay Mũi Tàu,359380,71,10,10632.0,1497.0
Cầu Rạch Gia,16009,76,10,507.0,67.0
Cầu Rạch Láng Le,78239,74,6,2412.0,196.0
Trung Mỹ Tây 13,199953,71,9,5915.0,750.0
Lê Quang Định,312418,68,10,8852.0,1302.0
Duong Lê Quang Định,312418,68,10,8852.0,1302.0
Đường đất,78228,76,9,2477.0,293.0
Trần Kế Xương,175976,72,9,5279.0,660.0
Đường A,128758,76,6,4077.0,322.0
Lam Sơn,121469,70,7,3543.0,354.0
Lê Văn Ninh,144067,71,5,4262.0,300.0
Cầu Cả Bốn 2,63086,72,10,1893.0,263.0
Cầu Tân Thuận 2,394608,73,8,12003.0,1315.0
Nguyễn Văn Quý,187076,68,7,5300.0,546.0
Đường Số 2,161179,74,9,4970.0,604.0
Bà Huyện Thanh Quan,298800,76,10,9462.0,1245.0
Dương Đình Cúc,158216,75,10,4944.0,659.0
Hẻm 200C Xóm Chiếu,83244,78,9,2705.0,312.0
Nguyễn Đình Chính,291147,76,8,9220.0,970.0
Đường 10A,132257,70,9,3857.0,496.0
Hẻm 84A Trần Hữu Trang,69007,75,5,2156.0,144.0
Đường Cây Cám,18745,73,9,570.0,70.0
Tân Thới Nhất 1,189607,73,10,5767.0,790.0
Cầu Kênh 2,62290,75,9,1947.0,234.0
Cầu Kênh 1,62324,71,6,1844.0,156.0
Cầu,74181,73,7,2256.0,216.0
Cầu vượt Ngã tư ThủĐức,356173,68,7,10092.0,1039.0
Bình Thành,195389,73,5,5943.0,407.0
Phường Bình Thắng,195389,73,5,5943.0,407.0
Hai Mươi Sáu Tháng Ba,154835,71,9,4581.0,581.0
Long Tân,54835,71,9,1622.0,206.0
Kênh Mười Chín Tháng Năm,121794,77,5,3908.0,254.0
Bờ Bao Tân Thắng,264297,75,7,8259.0,771.0
Đường dẫn Ga Quốc Nội,388975,71,10,11507.0,1621.0
Đường dẫn sảnh đến Quốc tế,316109,70,9,9220.0,1185.0
Đông Bắc,185907,75,8,5810.0,620.0
Cầu vượt Tân Thới Hiệp,377950,71,8,11181.0,1260.0
Thới An 16,177807,77,9,5705.0,667.0
Cầu Ông Đội,81204,77,10,2605.0,338.0
Nguyễn Văn Tố,121738,78,5,3956.0,254.0
Phường Bến Thành,221738,78,5,7206.0,462.0
Cầu Bến Cát,45625,68,8,1293.0,152.0
Cầu Bến Cát 2,45625,68,8,1293.0,152.0
Cầu Rạch Sâu 2,54146,71,5,1602.0,113.0
Cầu Rạch Sâu,54146,71,5,1602.0,113.0
Cầu Bình Phước 2,387083,68,6,10967.0,968.0
Bắc Hải,110043,71,9,3255.0,413.0
Phường Đông Hưng Thuận,120043,71,9,3551.0,450.0
Vũ Huy Tấn,211429,68,6,5990.0,529.0
Cầu vượt Ngã tư Thủ Đức,323238,74,10,9967.0,1347.0
Cầu Ông Giáo,26825,77,10,861.0,112.0
Cầu Chợ Đệm,161738,76,10,5122.0,674.0
Đường dẫn vào Cao tốc Trung Lương,329448,74,8,10158.0,1098.0
Cầu vượt Nút giao Quốc lộ 1,352581,73,8,10724.0,1175.0
Cầu Rạch Tam,13048,78,7,424.0,38.0
Số 18,59478,74,9,1834.0,223.0
Cầu Kênh 3,77341,72,8,2320.0,258.0
Võ Trần Chí,361447,74,5,11145.0,753.0
Đường Võ Trần Chí,361447,74,5,11145.0,753.0
Cầu Sông Chùa,77888,73,9,2369.0,292.0
Số 17,97861,69,8,2814.0,326.0
TP Hồ Chí Minh - Trung Lương,362793,72,8,10884.0,1209.0
Tân Kỳ Tân Quý,292885,69,6,8420.0,732.0
Lăng Cha Cả,209917,76,10,6647.0,875.0
Cầu vượt Tỉnh lộ 10,352093,73,8,10709.0,1174.0
Đường Tỉnh Lộ 10,352093,73,8,10709.0,1174.0
Đường Tỉnh lộ 10,352093,73,8,10709.0,1174.0
Cầu Chợ Cầu 2,189031,74,5,5828.0,394.0
Song hành QL 22,272698,71,8,8067.0,909.0
Hiệp Thành 13,180252,73,7,5483.0,526.0
Tân Chánh Hiệp 2,105187,69,9,3024.0,394.0
Cầu Ba Tơ,99653,69,7,2865.0,291.0
Nguyễn Đồng Chi,154681,72,8,4640.0,516.0
Đường Nguyễn Đồng Chi,154681,72,8,4640.0,516.0
Bế Văn Cấm,171844,70,10,5012.0,716.0
Đường Số 13,160783,76,5,5091.0,335.0
Đường số 54,160783,76,5,5091.0,335.0
Nguyễn Cao Bắc,192782,76,6,6105.0,482.0
Cầu Số 2,15922,68,10,451.0,66.0
Cầu Phước Lộc,252835,76,10,8006.0,1053.0
Đào Sư Tích,108702,68,6,3080.0,272.0
Phú Thuận,150839,75,9,4714.0,566.0
Cầu 15B,13331,75,6,417.0,33.0
Tú Xương,181136,68,7,5132.0,528.0
Liên Xã,126466,74,10,3899.0,527.0
Song hành QL22,272899,72,10,8187.0,1137.0
Nguyễn Văn Quá,204806,68,10,5803.0,853.0
Cầu vượt Ngã tư Hàng Xanh,325971,69,7,9372.0,951.0
Đường B2,27663,74,10,853.0,115.0
Đường C12,84115,70,10,2453.0,350.0
Út Tịch,238162,71,10,7046.0,992.0
Thân Nhân Trung,111896,72,10,3357.0,466.0
Núi Thành,223100,78,5,7251.0,465.0
Đường dẫn Sảnh Đi Quốc tế,324574,74,9,10008.0,1217.0
Đường dẫn Ga Quốc tế,378430,71,8,11195.0,1261.0
Đường dẫn Sảnh Đến Quốc tế,371448,76,7,11763.0,1083.0
Đường dẫn sảnh đi Quốc tế,340011,72,7,10200.0,992.0
Hồng Hà,248031,73,6,7544.0,620.0
Đường dẫn ga Quốc nội,308383,74,5,9508.0,642.0
T1 Loop,17782,71,5,526.0,37.0
Lê Thúc Hoạch,130217,68,7,3689.0,380.0
Đường CN1,66554,68,8,1886.0,222.0
N10,66554,68,8,1886.0,222.0
Dủổng Road N10,66554,68,8,1886.0,222.0
Lê Văn Duyệt,66554,68,8,1886.0,222.0
Bùi Minh Trực,120809,78,10,3926.0,503.0
Đường 195 Bùi Minh Trực,120809,78,10,3926.0,503.0
Tùng Thiện Vương,209177,71,10,6188.0,872.0
Đường Tùng Thiện Vương,209177,71,10,6188.0,872.0
Quốc Lộ 50,392834,69,8,11294.0,1309.0
Võ Trường Toản,192834,69,8,5544.0,643.0
Tôn Ðức Thắng,367688,71,7,10877.0,1072.0
Tôn Đức Thắng,346147,75,6,10817.0,865.0
Nguyễn Hữu Hào,193053,76,6,6113.0,483.0
Nguyễn Cửu Vân,268495,70,5,7831.0,559.0
Đường D1,182228,78,8,5922.0,607.0
Đường Road D1,182228,78,8,5922.0,607.0
D1,116226,76,6,3680.0,291.0
Mai Thị Lựu,252723,68,7,7160.0,737.0
đường Nguyễn Thị Ly,82723,68,7,2344.0,241.0
Trần Minh Quyền,159964,70,6,4666.0,400.0
Ðiện Biên Phủ,326007,77,9,10459.0,1223.0
Thuận Kiều,266213,69,7,7654.0,776.0
Đường Thuận Kiều,266213,69,7,7654.0,776.0
Lê Quang Sung,253386,78,5,8235.0,528.0
Đường Lê Quang Sung,253386,78,5,8235.0,528.0
Phạm Đình Hổ,194565,73,8,5918.0,649.0
Mai xuân Thưởng,101485,76,5,3214.0,211.0
Tạ Uyên,248266,78,6,8069.0,621.0
Đường Tạ Uyên,248266,78,6,8069.0,621.0
Phạm Hùng,332724,76,9,10536.0,1248.0
Hẻm C7B Phạm Hùng,82724,76,9,2620.0,310.0
Đường Phạm Hùng,332724,76,9,10536.0,1248.0
Cầu Chà Và,347095,68,6,9834.0,868.0
Bến Hàm Tử,241794,73,6,7355.0,604.0
Phú Hữu,179332,70,5,5231.0,374.0
Hải Thượng Lãn Ông,266586,78,5,8664.0,555.0
Đường Hải Thượng Lãn Ông,266586,78,5,8664.0,555.0
Trần Hưng Ðạo,357664,78,8,11624.0,1192.0
Đường Trần Hưng Ðạo,357664,78,8,11624.0,1192.0
Tân Vĩnh,172153,72,7,5165.0,502.0
Trương Đình Hợi,164111,68,8,4650.0,547.0
Nguyễn Du,284048,74,6,8758.0,710.0
Cầu vượt Trạm 2,384034,73,5,11681.0,800.0
Bế Văn Đàn,121086,74,5,3733.0,252.0
Cầu vượt Linh Xuân,349161,69,9,10038.0,1309.0
Lê Thị Hoa,159207,78,8,5174.0,531.0
Quản Trọng Linh,140415,69,7,4037.0,410.0
Cầu Sập,55975,68,8,1586.0,187.0
Cầu Cần Giuộc,269364,71,7,7969.0,786.0
Đường sô 38,125724,75,7,3929.0,367.0
Nhánh cầu Tân Thuận 2,319870,73,7,9729.0,933.0
Quốc lộ 13 cũ,312110,72,5,9363.0,650.0
Đường số 2D,172121,70,10,5020.0,717.0
Lê Cơ,132672,75,8,4146.0,442.0
Thạnh Mỹ Lợi,101227,71,6,2995.0,253.0
Nguyễn Tư Nghiêm,230368,70,8,6719.0,768.0
Gò Cát,138531,70,7,4040.0,404.0
Đường số 16,186481,69,6,5361.0,466.0
Đường số 16 (nối dài),186481,69,6,5361.0,466.0
Cầu Kỳ Hà 1,377114,78,10,12256.0,1571.0
Cầu Kỳ Hà 4,224401,69,8,6452.0,748.0
Cầu Kỳ Hà 2,254241,78,9,8263.0,953.0
Cầu Mỹ Thủy 2,369027,74,10,11378.0,1538.0
Cầu Mỹ Thủy 1,357238,70,7,10419.0,1042.0
Đường số 29,109230,71,6,3231.0,273.0
Đường số 32,179236,75,10,5601.0,747.0
Đường số 17A,146645,73,6,4460.0,367.0
Vòng xoay Ngã tư Bình Phước,317681,77,9,10192.0,1191.0
Vòng xoay Dương Bá Trạc,225492,68,10,6389.0,940.0
Trần Xuân Soạn,235700,69,8,6776.0,786.0
Lê Văn Lượng,198559,73,5,6040.0,414.0
Hẻm 139 Nguyễn Văn Lượng,198559,73,5,6040.0,414.0
Đường số 51,150166,73,5,4568.0,313.0
Cầu Nguyễn Kiệu,224044,75,6,7001.0,560.0
Cầu vượt Thủ Thiêm,337198,71,6,9975.0,843.0
Phường Thủ Thiêm,337198,71,6,9975.0,843.0
Nguyễn Tất Thành,362929,72,6,10888.0,907.0
Cầu Kênh Tẻ,330965,69,10,9515.0,1379.0
Cầu Phú Thuận,49088,74,8,1514.0,164.0
Phú Thuận,151155,74,10,4661.0,630.0
Cầu Tân Thuận 1,346393,77,6,11113.0,866.0
Tôn Thất Thuyết,211303,73,5,6427.0,440.0
Nguyễn Thị Tần,220875,75,6,6902.0,552.0
Cầu Dừa,63409,71,9,1876.0,238.0
Cầu Ông Lãnh,358161,75,7,11193.0,1045.0
Cầu Mới,170194,72,8,5106.0,567.0
Đường N - Bắc,58097,71,9,1719.0,218.0
Cầu Him Lam,304845,68,8,8637.0,1016.0
Cầu Rạch Bàng 2,274637,72,9,8239.0,1030.0
Cầu Kênh Xáng,44799,68,6,1269.0,112.0
Nguyễn Cao,117670,75,5,3677.0,245.0
Tôn Dật Tiên,278762,69,8,8014.0,929.0
Transfer between the Metro and the HSR,278762,69,8,8014.0,929.0
Dạ Nam,178762,69,8,5139.0,596.0
Phường Bến Nghé,278762,69,8,8014.0,929.0
Đường Tập đoàn 6B,78762,69,8,2264.0,263.0
Đường Tôn Dật Tiên,278762,69,8,8014.0,929.0
Phạm Thái Bường,170388,72,7,5112.0,497.0
Nguyễn Thiện Thuật,234976,75,9,7343.0,881.0
Vòng xoay An Lạc,368669,78,7,11982.0,1075.0
Cầu Thanh Lộc,38673,72,9,1160.0,145.0
Cầu Bình Điền,353369,73,6,10748.0,883.0
Quảng trường sáng tạo,153369,73,6,4665.0,383.0
Thánh Gióng,53369,73,6,1623.0,133.0
Liên phường,216497,71,10,6405.0,902.0
Cầu Cả Cấm,72349,69,9,2080.0,271.0
Nguyễn Lương Bằng,351654,71,5,10403.0,733.0
Trần Văn Ơn,180292,75,8,5634.0,601.0
Tô Ký,289946,77,10,9302.0,1208.0
Đường số 8,178007,78,10,5785.0,742.0
Ba Diểm 12,10459,70,5,305.0,22.0
Cầu vượt Sóng Thần 1,397257,75,6,12414.0,993.0
Đào Trí,277594,77,9,8906.0,1041.0
Đường Đào Trí,277594,77,9,8906.0,1041.0
Đường Số 9A,107049,72,7,3211.0,312.0
Cầu Ông Kiêm,107049,72,7,3211.0,312.0
Ngô Quyền,212903,69,8,6121.0,710.0
Đường Ngô Quyền,212903,69,8,6121.0,710.0
Dương Công Khi,283200,70,7,8260.0,826.0
Nữ Dân Công,135955,72,9,4079.0,510.0
Phan Văn Đáng,104314,77,8,3347.0,348.0
Đường An Phú Tây - Hưng Long,211277,74,9,6514.0,792.0
Xuân Diệu,137687,73,8,4188.0,459.0
Bùi Bằng Đoàn,204675,77,6,6567.0,512.0
Nhà Thờ,184519,76,7,5843.0,538.0
Cầu Cá Trê Nhỏ,22297,77,9,715.0,84.0
Cầu Cá Trê Lớn,81232,76,5,2572.0,169.0
Cầu Ông Cậy,18739,73,6,570.0,47.0
Cầu Lò Gốm,190780,74,8,5882.0,636.0
Cầu Rạch Cây,116372,70,6,3394.0,291.0
Cầu Nước Lên,80716,76,10,2556.0,336.0
Phú Định,197814,78,5,6429.0,412.0
Đỗ Xuân Hợp,292930,73,7,8910.0,854.0
Đỗ Ngọc Quang,92930,73,7,2827.0,271.0
Cống đập Rạch Chiếc,44458,68,7,1260.0,130.0
Ngã tư Hàng Xanh,304228,71,6,9000.0,761.0
Lê Tuấn Mậu,175575,75,6,5487.0,439.0
Hoàng Lê Kha,286387,73,8,8711.0,955.0
Bến Phú Lâm,179225,71,9,5302.0,672.0
Song Hành 22,185805,78,5,6039.0,387.0
Đường tỉnh 743,336542,73,8,10236.0,1122.0
Tân Thành,209552,68,5,5937.0,437.0
Hà Huy Tập,109375,78,9,3555.0,410.0
Song Hành,293914,76,7,9307.0,857.0
Cầu Cái Trung,22163,75,10,693.0,92.0
Đường số 48,115887,78,8,3766.0,386.0
Quách Thị Trang,198693,68,6,5630.0,497.0
Cao Xuân Dục,152988,69,10,4398.0,637.0
Cầu Hoàng Hoa Thám,224692,76,8,7115.0,749.0
Đại lộ Bình Dương,363185,69,9,10442.0,1362.0
Đại lộ ĐHQG TPHCM,363185,69,9,10442.0,1362.0
Hẻm 92 Vũ Huy Tấn,23522,71,7,696.0,69.0
Hẻm 131 Tô Hiến Thành,15990,71,8,473.0,53.0
Trần Nam Trung,192846,68,9,5464.0,723.0
Đường số 38,189218,68,9,5361.0,710.0
Cầu Ba Thôn,86777,76,7,2748.0,253.0
Đoàn Văn Bơ,253905,68,10,7194.0,1058.0
Cầu Kênh Ngang 1,133234,73,10,4053.0,555.0
Cầu Tư Dinh,68999,76,9,2185.0,259.0
Hẻm 68 Trần Quang Khải,52789,76,10,1672.0,220.0
Hưng Phú,253206,70,10,7385.0,1055.0
Đường số 15,152580,77,7,4895.0,445.0
Cầu Bùi Hữu Nghĩa,286349,72,6,8590.0,716.0
Cầu Thị Nghè 2,347454,75,6,10858.0,869.0
Cầu Số 4,95113,74,8,2933.0,317.0
Cầu Số 3,57363,76,7,1816.0,167.0
Cầu Số 1,19239,73,6,585.0,48.0
Cầu Ông Buông 1,171789,73,7,5225.0,501.0
Vòng xoay Phú Lâm,342430,69,5,9845.0,713.0
Cầu Bình Thuận,276672,76,10,8761.0,1153.0
Ông Ích Khiêm,209302,77,5,6715.0,436.0
Đường Ông Ích Khiêm,209302,77,5,6715.0,436.0
Khánh Hội,281481,68,8,7975.0,938.0
Đường Khánh Hội,281481,68,8,7975.0,938.0
Cầu Rạch Ngang,106075,76,5,3359.0,221.0
Cầu Khánh Hội,327929,72,8,9838.0,1093.0
Cầu Lý Phục Man,118624,76,6,3756.0,297.0
Võ Chí Công,352780,68,5,9995.0,735.0
Cầu Giồng Ông Tố 2,226942,69,6,6525.0,567.0
Nguyễn Văn Quỳ,200074,74,8,6169.0,667.0
Cầu Phú Mỹ,346027,78,9,11246.0,1298.0
Trần Hữu Trang,131948,71,7,3903.0,385.0
Đường số 9A,188658,70,8,5503.0,629.0
Vòng xoay Ngã Sáu Gò Vấp,348091,71,8,10298.0,1160.0
Cầu Bình Triệu 2,341842,68,6,9686.0,855.0
Cầu Rạch Chiếc 1,300994,71,8,8904.0,1003.0
Cầu vượt Thủ Đức,381543,76,9,12082.0,1431.0
Cầu An Lập,247177,78,6,8033.0,618.0
Hương lộ 8,192429,69,9,5532.0,722.0
Nguyễn Ðình Chiểu,304549,68,8,8629.0,1015.0
Cầu Thủ Thiêm,302288,74,7,9321.0,882.0
Cầu Thủ Thiêm 2,302288,74,7,9321.0,882.0
Đường dẫn Cầu Thủ Thiêm,302791,75,5,9462.0,631.0
Võ Thị Sáu,338877,76,7,10731.0,988.0
Công Trường Dân Chủ,273087,74,5,8420.0,569.0
Cầu Số 5,48796,78,6,1586.0,122.0
Công Trường Mê Linh,299999,77,6,9625.0,750.0
Nguyễn Hữu Tự,148327,77,5,4759.0,309.0
Trần Quang Khải,207893,78,7,6757.0,606.0
Cầu Số 7,23533,70,10,686.0,98.0
Nguyễn Thượng Hiền,258771,72,7,7763.0,755.0
Bàn Cờ,256508,69,5,7375.0,534.0
Đường Nguyễn Thị Thảnh,216508,69,5,6225.0,451.0
Trần Quốc Thảo,298616,72,10,8958.0,1244.0
Nguyễn Thái Học,358766,71,7,10613.0,1046.0
Đường Nguyễn Thái Học,358766,71,7,10613.0,1046.0
Cầu Ðiện Biên Phủ,328956,78,6,10691.0,822.0
Công Xã Paris,381097,69,8,10957.0,1270.0
Cầu số 8,62033,69,8,1783.0,207.0
Nguyễn Văn Giai,198787,71,8,5881.0,663.0
Trương Định,286868,70,9,8367.0,1076.0
Nguyễn Bỉnh Khiêm,377453,70,10,11009.0,1573.0
Cầu Công Lý,305205,71,7,9029.0,890.0
Nguyễn Cảnh Chân,184847,71,9,5468.0,693.0
Hồ Hảo Hớn,156374,71,5,4626.0,326.0
Trần Văn Ðang,267211,76,10,8462.0,1113.0
Nguyễn Hữu Cầu,124978,76,9,3958.0,469.0
Trần Quang Diệu,274864,71,5,8131.0,573.0
Rạch Bùng Binh,127055,69,7,3653.0,371.0
Cống Quỳnh,216154,71,7,6395.0,630.0
Cầu Số 6,13878,72,6,416.0,35.0
Công Trường Quốc Tế,268017,74,8,8264.0,893.0
Cầu Trần Quang Diệu,167196,73,9,5086.0,627.0
Cầu Thị Nghè,338482,69,6,9731.0,846.0
Lý Tự Trọng,314504,71,7,9304.0,917.0
Nguyễn Phúc Nguyên,209757,78,6,6817.0,524.0
Vườn Chuối,112062,74,6,3455.0,280.0
Calmette,379871,72,5,11396.0,791.0
Dự án đường Vành đai 2,369871,72,5,11096.0,771.0
Phó Ðức Chính,251332,70,8,7331.0,838.0
Ðồng Khởi,312894,78,8,10169.0,1043.0
Cầu Số 9,26770,68,6,758.0,67.0
Trần Ðình Xu,232956,73,9,7086.0,874.0
Trần Quốc Toản,299068,72,10,8972.0,1246.0
Huỳnh Văn Bánh,263351,76,5,8339.0,549.0
Hoàng Sa,241857,78,9,7860.0,907.0
Cầu Văn Thánh 2,210181,78,7,6831.0,613.0
Bến Vân Đồn,360352,71,8,10660.0,1201.0
Cầu Mật,38106,76,9,1207.0,143.0
Cầu Hiệp Ân 1,62114,75,10,1941.0,259.0
Nguyễn Duy,209920,68,8,5948.0,700.0
Cầu Hiệp Ân 2,16788,78,7,546.0,49.0
Cầu Chánh Hưng,385746,70,10,11251.0,1607.0
Cầu Hậu Giang,238518,76,8,7553.0,795.0
Cầu Bà Lớn,58135,76,9,1841.0,218.0
Cầu Mã Voi,67723,69,9,1947.0,254.0
Cầu Phạm Văn Chí,295334,74,10,9106.0,1231.0
Bến Mễ Cốc,196516,73,5,5977.0,409.0
Cầu Vĩnh Mậu,85715,69,7,2464.0,250.0
Cầu Bà Tàng,109940,78,9,3573.0,412.0
Cầu Xóm Củi,242166,71,9,7164.0,908.0
Cầu Rạch Bàng 1,256341,73,10,7797.0,1068.0
Cầu Đa Khoa,35231,73,10,1072.0,147.0
Cầu Rạch Đĩa,170902,68,7,4842.0,498.0
Cầu Phước Long,146639,74,10,4521.0,611.0
Cầu Đen 1,86226,68,10,2443.0,359.0
Cầu Ông Tranh,62211,68,9,1763.0,233.0
Nguyễn Thị Định,394572,78,5,12824.0,822.0
Đường Nguyễn Thị Đinh,394572,78,5,12824.0,822.0
Nguyễn Thị Diệu Hương,124572,78,5,4049.0,260.0
Cầu Giồng Ông Tố 1,281888,73,10,8574.0,1175.0
Cầu Đúc Nhỏ,71213,70,9,2077.0,267.0
Cầu Giao Khẩu,92491,76,6,2929.0,231.0
Cầu Chợ Cầu 1,173875,74,6,5361.0,435.0
Phan Huy ích,200407,69,9,5762.0,752.0
Cầu Tham Lương,391762,73,5,11916.0,816.0
Cầu Bình Phú Tây,97920,76,10,3101.0,408.0
Đường Bình Phú,97920,76,10,3101.0,408.0
Lê Trọng Tấn,290857,72,6,8726.0,727.0
Cầu Bà Lát,91018,76,9,2882.0,341.0
Cầu Bông,302884,75,8,9465.0,1010.0
Cầu Bà Hom,115015,68,9,3259.0,431.0
Cầu Tân Tạo,108813,78,5,3536.0,227.0
Trần Đại Nghĩa,304884,78,10,9909.0,1270.0
Đường Trán Dại Nghĩa,304884,78,10,9909.0,1270.0
Cầu Kênh B,56360,76,5,1785.0,117.0
Cầu Văn Thánh,229929,77,9,7377.0,862.0
Cầu Đen 2,20340,73,10,619.0,85.0
Cầu Sơn,63879,72,6,1916.0,160.0
Trịnh Đình Thảo,270101,73,10,8216.0,1125.0
Cầu Tân Hoá,235231,74,10,7253.0,980.0
Đặng Nguyên Cẩn,108148,74,7,3335.0,315.0
Cầu Bà Tiếng,70017,78,9,2276.0,263.0
Cầu Phú Xuân,373487,77,5,11983.0,778.0
Cầu Thầy Tiêu,39263,78,10,1276.0,164.0
Cầu Ông Lớn,26095,76,7,826.0,76.0
Cầu Ông Bé,30288,72,8,909.0,101.0
Cầu Long Kiểng,85001,78,10,2763.0,354.0
Quốc lộ 50,389521,76,8,12335.0,1298.0
Bình Quới,155548,73,9,4731.0,583.0
Nơ Trang Long,215035,76,8,6809.0,717.0
Đường Nơ Trang Long,215035,76,8,6809.0,717.0
Cầu Băng Ky,88492,76,7,2802.0,258.0
Cầu Đỏ,26232,75,6,820.0,66.0
Hà Huy Giáp,240608,70,9,7018.0,902.0
Cầu An Lộc,229199,69,6,6589.0,573.0
Cầu Bến Phân,43652,68,8,1237.0,146.0
Cầu Trường Đai,276455,68,8,7833.0,922.0
Lê Đức Thọ,284425,68,6,8059.0,711.0
Cầu cụt,62571,77,7,2007.0,182.0
Cầu vượt Ngã Tư Ga,390445,75,5,12201.0,813.0
Cầu An Phú Đông 1,12648,78,5,411.0,26.0
Cầu Bến Cát 1,77316,68,7,2191.0,226.0
Cầu Rạch Sâu 1,30904,77,8,992.0,103.0
Cầu Ga 1A,36433,72,10,1093.0,152.0
Cầu Cả Bốn 1,14211,68,5,403.0,30.0
Cầu Ông Dầu,87398,74,5,2695.0,182.0
Cầu Gò Dưa,259206,75,7,8100.0,756.0
Đồng Văn Cống,315431,68,8,8937.0,1051.0
Cầu vượt Bình Phước,374448,74,6,11545.0,936.0
Cầu Vĩnh Bình,37441,77,9,1201.0,140.0
Cầu Bình Phước 1,381137,73,5,11593.0,794.0
Cầu Rạch Chiếc 2,300776,72,6,9023.0,752.0
Cầu Xây dựng,99793,74,7,3077.0,291.0
Cầu Ông Nhiêu,37104,69,9,1067.0,139.0
Cầu Võ Khế,19025,77,5,610.0,40.0
Cầu Rạch Gầm,11365,76,9,360.0,43.0
Cầu Gò Công,12572,71,9,372.0,47.0
Cầu Trao Trảo,72681,69,9,2090.0,273.0
Long Phước,108311,70,8,3159.0,361.0
Nguyễn Xiển,290263,72,8,8708.0,968.0
Cầu Bến Nọc,42392,69,5,1219.0,88.0
Lê Văn Chí,250242,78,6,8133.0,626.0
Cầu Suối Cái,86815,76,9,2749.0,326.0
Cầu vượt An Sương,383072,78,10,12450.0,1596.0
Tỉnh Lộ 10,341240,77,9,10948.0,1280.0
Tl 14,341240,77,9,10948.0,1280.0
Phường Sơn Kỳ,351240,77,9,11269.0,1317.0
Thống Nhất,391208,72,8,11736.0,1304.0
Đường Thổng Nhất,391208,72,8,11736.0,1304.0
Đường Nguyễn Gia Trí,260851,76,5,8260.0,543.0
Trung Mỹ - Tân Xuân,162731,73,10,4950.0,678.0
Phan Văn Đối,148036,71,7,4379.0,432.0
Bình Trưng,133937,74,5,4130.0,279.0
Tô Ngọc Vân,281167,71,6,8318.0,703.0
Bành Văn Trân,233106,73,9,7090.0,874.0
Đường số 24,109120,69,9,3137.0,409.0
Dường DHT 02,99120,69,9,2850.0,372.0
Phường An Bình,119120,69,9,3425.0,447.0
Phường Tam Bình,129120,69,9,3712.0,484.0
Trần Văn Trà,241933,71,8,7157.0,806.0
Lương Định Của,233220,71,8,6899.0,777.0
Huỳnh Thiện Lộc,123835,76,7,3921.0,361.0
Hoài Thanh,101206,71,10,2994.0,422.0
Tam Hà,125197,71,7,3704.0,365.0
Tân Sơn Nhì,221299,72,9,6639.0,830.0
Nguyễn Thần Hiến,161048,70,9,4697.0,604.0
Sân Bay Tân Sơn Nhất,391048,70,15,11406.0,2444.0
Trần Văn Mười,137802,69,5,3962.0,287.0
Nguyễn Văn Đậu,282826,77,7,9074.0,825.0
Trần Quý,208323,74,6,6423.0,521.0
Bình Trị Đông,115477,68,6,3272.0,289.0
Phường Bình Trị Đông B,115477,68,6,3272.0,289.0
Xóm Chiếu,270052,78,5,8777.0,563.0
Võ Thị Hồi,160754,75,6,5024.0,402.0
Tô Hiến Thành,257321,78,9,8363.0,965.0
Hẻm 85 Bùi Minh Trực,94788,68,9,2686.0,355.0
Trần Hưng Đạo,393179,69,6,11304.0,983.0
Đào Duy Anh,294843,78,7,9582.0,860.0
Hồ Học Lãm,257907,77,8,8275.0,860.0
Phan Xích Long,392656,78,10,12761.0,1636.0
Cầu Chữ Y,326631,76,9,10343.0,1225.0
Bùi Hữu Nghĩa,233996,73,7,7117.0,682.0
Đường Bùi Hữu Nghĩa,233996,73,7,7117.0,682.0
Ngô Nhân Tịnh,260415,69,10,7487.0,1085.0
Nguyễn Văn Hưởng,241186,71,10,7135.0,1005.0
Nguyễn Xuân Khoát,150309,70,10,4384.0,626.0
Cầu B1,45633,74,8,1407.0,152.0
Quách Điêu,157576,69,6,4530.0,394.0
Ngô Tất Tố,266514,78,9,8662.0,999.0
Lê Thị Hà,110950,68,6,3144.0,277.0
Xuân Thới Sơn 21,10401,78,8,338.0,35.0
Nguyễn Tuyển,170312,68,6,4826.0,426.0
Đường số 3,115044,76,6,3643.0,288.0
Thăng Long,299574,70,5,8738.0,624.0
Đường số 6,170313,71,9,5038.0,639.0
Đường Pho 6,170313,71,9,5038.0,639.0
Đường số 2,136679,70,10,3986.0,569.0
Nguyễn Biểu,210778,68,8,5972.0,703.0
Hiền Vương,226306,73,5,6883.0,471.0
Nguyễn Thị Tú,220362,78,8,7162.0,735.0
Độc Lập,349256,73,6,10623.0,873.0
Lâm Văn Bền,291709,71,10,8630.0,1215.0
Dương Đình Hội,252558,74,10,7787.0,1052.0
Đường số 1,126335,70,8,3685.0,421.0
Đường số 7A,164845,70,10,4808.0,687.0
Đường số 7,164845,70,10,4808.0,687.0
Bông Văn Dìa,168033,70,5,4901.0,350.0
Đường N,27310,74,6,842.0,68.0
Hiệp Bình,252302,73,7,7674.0,736.0
Lý Phục Man,201696,68,5,5715.0,420.0
Cây Bàng,134332,70,9,3918.0,504.0
Bàu Cát,224160,75,9,7005.0,841.0
Nguyễn Thi,24160,75,9,755.0,91.0
Mạc Cửu,25160,75,9,786.0,94.0
Phú Thọ Hoà,178099,75,5,5566.0,371.0
Đường Hồ Học Lãm,198099,75,5,6191.0,413.0
Lê Văn Việt,332631,78,9,10811.0,1247.0
Liên khu 2-5,143631,74,9,4429.0,539.0
Khu đô thị Đại Phước,143631,74,9,4429.0,539.0
Cầu Đại Phước,143631,74,9,4429.0,539.0
Gò Dầu,235520,74,8,7262.0,785.0
Đường số 8,109453,77,5,3512.0,228.0
Trần Văn Quang,294272,76,8,9319.0,981.0
Xã Tân Bửu,94272,76,8,2985.0,314.0
Bưng Sáu Xã,92272,76,8,2922.0,308.0
Đông Hưng Thuận 6,145108,78,9,4716.0,544.0
Nguyễn Trọng Tuyển,299956,76,9,9499.0,1125.0
Phạm Phú Thứ,233529,71,5,6909.0,487.0
Đường Phạm Phú Thứ,233529,71,5,6909.0,487.0
Đoàn Văn Bơ ( ngõ chợ ),162631,69,7,4676.0,474.0
Hoàng Hoa Thám,370426,73,10,11267.0,1543.0
Tân Xuân 2,45186,71,7,1337.0,132.0
Đường B1,98986,69,9,2846.0,371.0
Sư Vạn Hạnh,302563,74,6,9329.0,756.0
Đường Sư Vạn Hạnh,302563,74,6,9329.0,756.0
Trương Đình Hội,213734,75,6,6679.0,534.0
Nguyễn Duy Trinh,331565,68,9,9394.0,1243.0
Gò Xoài,146406,76,10,4636.0,610.0
Tân Mỹ,276319,69,7,7944.0,806.0
Bình Đường,171335,69,7,4926.0,500.0
Liên khu 5-11-12,109660,71,8,3244.0,366.0
Nguyễn Sơn,242969,70,6,7087.0,607.0
Đường Nguyễn Sơn,242969,70,6,7087.0,607.0
Đường Số 15,127170,74,6,3921.0,318.0
Số 12,165671,73,10,5039.0,690.0
Nguyễn Hậu,186892,71,10,5529.0,779.0
Nguyễn Hữu Trí,262964,76,8,8327.0,877.0
Linh Trung,270694,72,8,8121.0,902.0
Phường Tân Phú,170694,72,8,5121.0,569.0
Phường 3,170694,72,8,5121.0,569.0
Phường Linh Trung,270694,72,8,8121.0,902.0
Nguyễn Thị Đặng,174317,71,5,5157.0,363.0
Nguyễn Nhược Thị,106586,71,9,3153.0,400.0
Hẻm 86 Ông Ích Khiêm,46120,72,6,1384.0,115.0
Đồng Đen,267805,77,6,8592.0,670.0
Số 7,185382,73,6,5639.0,463.0
Đất Thánh,78658,72,9,2360.0,295.0
Âu Dương Lân,219998,71,6,6508.0,550.0
Dương Văn Cam,132527,72,5,3976.0,276.0
Bến Ngô Sĩ Liên,111377,73,10,3388.0,464.0
Nguyễn Văn Lạc,106939,68,5,3030.0,223.0
Minh Phụng,299874,78,5,9746.0,625.0
Đường Minh Phụng,299874,78,5,9746.0,625.0
Cầu vượt Ngã tư Gò Dưa,346132,77,7,11105.0,1010.0
Bến Cát,195727,76,10,6198.0,816.0
Phạm Hữu Lầu,284522,71,5,8417.0,593.0
Phạm Thế Hiển,294487,78,10,9571.0,1227.0
Lê Đình Cẩn,180742,73,9,5498.0,678.0
Hẻm 137 Phan Anh,42598,72,5,1278.0,89.0
Bà Diểm 5,89812,75,8,2807.0,299.0
Phạm Văn Bạch,200502,78,7,6516.0,585.0
Bình Phú,148325,69,6,4264.0,371.0
Hoàng Diệu,267798,76,9,8480.0,1004.0
Đường Hoàng Diệu,267798,76,9,8480.0,1004.0
Phan Huy Ôn,121213,72,5,3636.0,253.0
Trường Lưu,128806,72,5,3864.0,268.0
Bến Bình Đông,101682,75,8,3178.0,339.0
Nguyễn Sĩ Cố,171233,71,8,5066.0,571.0
Đông Hưng Thuận 2,194375,68,5,5507.0,405.0
Quốc Lộ 1,311324,78,6,10118.0,778.0
Quốc lộ 1,311324,78,6,10118.0,778.0
Thương Mại,284688,76,10,9015.0,1186.0
Nguyễn Thái Bình,275032,75,5,8595.0,573.0
Nguyễn Văn Tăng,255766,75,9,7993.0,959.0
Võ Văn Ngân,351809,78,6,11434.0,880.0
Lê Bình,181247,74,9,5588.0,680.0
Lưu Hữu Phước,141323,72,9,4240.0,530.0
Lê Văn Qưới,223728,71,6,6619.0,559.0
Bưng Ông Thoàn,126446,75,7,3951.0,369.0
Cầu Bình Triệu 1,328557,75,5,10267.0,684.0
Vườn Lài,299134,74,9,9223.0,1122.0
Cầu Kinh,27643,72,9,829.0,104.0
Trịnh Quang Nghị,297096,78,6,9656.0,743.0
Phạm Văn Xảo,176309,71,9,5216.0,661.0
Lại Hùng Cường,198842,73,5,6048.0,414.0
Đường Liên Ấp 6-2,151599,75,8,4737.0,505.0
Lý Chiêu Hoàng,253022,70,8,7380.0,843.0
Đường Lý Chiêu Hoàng,253022,70,8,7380.0,843.0
Trưng Nữ Vương,271070,76,9,8584.0,1017.0
Đại lộ Độc Lập,371876,72,6,11156.0,930.0
Bùi Thanh Khiết,235316,74,8,7256.0,784.0
Phạm Văn Sáng,124221,70,9,3623.0,466.0
Diệp Minh Châu,192664,77,6,6181.0,482.0
Nguyễn Văn Khối,279501,78,9,9084.0,1048.0
Nguyễn Ngọc Lộc,140752,77,7,4516.0,411.0
Thoại Ngọc Hầu,204915,72,5,6147.0,427.0
Đường Thoại Ngọc Hầu,204915,72,5,6147.0,427.0
Dương Văn Dương,161930,74,8,4993.0,540.0
Hoà Hưng,218357,73,7,6642.0,637.0
Cao Lỗ,201393,71,8,5958.0,671.0
Đường 59,149091,76,8,4721.0,497.0
Đường Liên ấp,110891,74,10,3419.0,462.0
Phạm Văn Chiêu,240618,74,10,7419.0,1003.0
Phan Văn Trị,260137,76,10,8238.0,1084.0
Đường Thống Nhất,200137,76,10,6338.0,834.0
Đường Phan Văn Trị,260137,76,10,8238.0,1084.0
Đường số 14,141547,75,5,4423.0,295.0
Đa Phước,20470,68,9,580.0,77.0
Xã Đa Phước,20470,68,9,580.0,77.0
Trần Thị Bốc,124896,68,7,3539.0,364.0
Quốc Hương,277110,68,6,7851.0,693.0
Cầu số 3,31783,69,7,914.0,93.0
Đường Số 1,195304,74,6,6022.0,488.0
Lâm Viên,47894,73,6,1457.0,120.0
Đỗ Thừa Luông,107244,74,5,3307.0,223.0
Bà Triệu,146873,72,10,4406.0,612.0
Trịnh Thị Miếng,190556,73,10,5796.0,794.0
Tôn Đản,228665,78,8,7432.0,762.0
Xuân Thuỷ,244830,73,9,7447.0,918.0
Trương Vĩnh Ký,288578,70,6,8417.0,721.0
Nguyễn Ảnh Thủ,258262,73,5,7855.0,538.0
Lê Hoàng Phái,193793,75,9,6056.0,727.0
Đường Lê Hoàng Phái,193793,75,9,6056.0,727.0
Hẻm 341 Khuông Việt,52921,69,9,1521.0,198.0
Tống Văn Trân,235181,77,7,7545.0,686.0
Tỉnh lộ 43,381128,78,9,12387.0,1429.0
Ngô Chí Quốc,278315,74,8,8581.0,928.0
Hoàng Hữu Nam,297881,71,7,8812.0,869.0
Hoàng Sĩ Khải,284326,77,8,9122.0,948.0
Đường số 13,151222,75,6,4726.0,378.0
Đường Tx 13,151222,75,6,4726.0,378.0
Dương Bạch Mai,200441,68,5,5679.0,418.0
Trần Nhân Tôn,374553,71,5,11081.0,780.0
Cầu Xéo,229754,71,9,6797.0,862.0
Nguyễn Thị Sóc,198578,77,7,6371.0,579.0
Bùi Tư Toàn,269126,77,6,8634.0,673.0
Đường Bùi Tư Toàn,269126,77,6,8634.0,673.0
Nguyễn Sỹ Sách,169126,77,6,5426.0,423.0
Vạn Kiếp,344339,75,10,10761.0,1435.0
Thế Lữ,117561,70,9,3429.0,441.0
Phường 7,269183,70,5,7851.0,561.0
Phường 8,219183,70,5,6393.0,457.0
Lữ Gia,369183,70,5,10768.0,769.0
Bình Tiên,325451,71,5,9628.0,678.0
Đường Bình Tiên,325451,71,5,9628.0,678.0
Trần Văn Kiểu,296707,68,8,8407.0,989.0
Phó Cơ Điều,178961,78,6,5816.0,447.0
Trần Quốc Hoàn,382256,74,9,11786.0,1433.0
Trần Tuấn Khải,177099,70,6,5165.0,443.0
Đường Trần Tuấn Khải,177099,70,6,5165.0,443.0
Lê Quang Kim,152790,68,8,4329.0,509.0
Nguyễn Xí,382806,70,6,11165.0,957.0
Bình Đông,123637,68,5,3503.0,258.0
Tên Lửa,374282,69,10,10761.0,1560.0
Đường Tên Lửa,374282,69,10,10761.0,1560.0
Hẻm 48 Tên Lửa,74282,69,10,2136.0,310.0
Hoàng Thiều Hoa,122025,77,6,3915.0,305.0
Đặng Văn Ngữ,336750,77,8,10804.0,1122.0
Xuân Hồng,383033,78,7,12449.0,1117.0
Lê Văn Khương,342230,69,9,9839.0,1283.0
Phan Văn Năm,254749,70,7,7430.0,743.0
Tô Hiệu,375271,70,5,10945.0,782.0
Hẻm 40 Tô Hiệu,75271,70,5,2195.0,157.0
Đường Tô Hiệu,375271,70,5,10945.0,782.0
Phan Thúc Duyện,327273,68,5,9273.0,682.0
Bà Lài,189504,75,7,5922.0,553.0
Ung Văn Khiêm,344589,76,7,10912.0,1005.0
Đào Trinh Nhất,189183,76,10,5991.0,788.0
Đường số 4,104258,75,5,3258.0,217.0
Đường Số 4 - Mh4,104258,75,5,3258.0,217.0
Tân Quý,278534,68,8,7892.0,928.0
Đường Số 10,137577,76,10,4357.0,573.0
Phường 9,67577,76,10,2140.0,282.0
Đại Phước,47577,76,10,1507.0,198.0
Đường số 10,137577,76,10,4357.0,573.0
Hồ Văn Huê,392803,74,8,12111.0,1309.0
Đường số 17,211685,73,5,6439.0,441.0
安阳王路,121685,73,5,3701.0,254.0
Tam Châu,133982,77,8,4299.0,447.0
Tây Thạnh,359859,76,6,11396.0,900.0
Bình Thới,352910,74,5,10881.0,735.0
Đường Bình Thới,352910,74,5,10881.0,735.0
Bình Lợi,187746,69,10,5398.0,782.0
Trương Công Định,326261,75,9,10196.0,1223.0
Đường số 31,260501,74,6,8032.0,651.0
Dồng Tâm,105380,68,8,2986.0,351.0
Vĩnh Hội,117594,73,9,3577.0,441.0
Hẻm 92B Tôn Thất Thuyết,159558,69,6,4587.0,399.0
Hưng Nhơn,219777,72,6,6593.0,549.0
Đường số 12,254077,72,7,7622.0,741.0
Tân Thới Hiệp 21,273940,74,10,8446.0,1141.0
Chợ Lớn,228406,75,10,7138.0,952.0
Nguyễn Kim,276685,76,7,8762.0,807.0
Nam Hoà,165138,74,7,5092.0,482.0
Thiên Phước,106130,77,6,3405.0,265.0
Nguyễn Văn Bứa,278458,78,9,9050.0,1044.0
Phú Châu,110684,70,5,3228.0,231.0
Phú Thọ,298882,72,7,8966.0,872.0
Lãnh Binh Thăng,306228,76,5,9697.0,638.0
Đường Lãnh Binh Thăng,306228,76,5,9697.0,638.0
Nghĩa Phát,104468,73,7,3178.0,305.0
Phan Đình Giót,272488,75,6,8515.0,681.0
Hồng Lạc,277676,77,5,8909.0,578.0
Tăng Nhơn Phú,293473,74,6,9049.0,734.0
Kinh Trung ương,116881,78,9,3799.0,438.0
Dương Bá Trạc,353319,71,10,10452.0,1472.0
Bông Sao,167487,68,8,4745.0,558.0
THOI TAM THÔN 5,156444,74,9,4824.0,587.0
Tân Chánh Hiệp 39,178663,71,10,5285.0,744.0
Đường số 11,152362,69,7,4380.0,444.0
Đường TTT-11B,152362,69,7,4380.0,444.0
Lê Văn Thọ,270963,71,9,8016.0,1016.0
Hẻm 549 Lê Văn Thọ,170963,71,9,5058.0,641.0
Chiến Khu,70963,71,9,2099.0,266.0
Vĩnh Khánh,146183,78,7,4751.0,426.0
Đường số 9,136746,70,8,3988.0,456.0
Hoàng Quốc Việt,216025,77,9,6931.0,810.0
Văn Cao,251823,68,9,7135.0,944.0
Lê Lợi,274080,77,8,8793.0,914.0
Ni Sư Huỳnh Liên,260086,78,6,8453.0,650.0
Tây Hòa,163239,74,8,5033.0,544.0
An Phú Đông,122134,78,5,3969.0,254.0
Trịnh Đình Trọng,221186,69,10,6359.0,922.0
Huỳnh Mẫn Đạt,241965,72,5,7259.0,504.0
Phổ Quang,380514,71,9,11257.0,1427.0
Tân Xuân 1,185898,74,9,5732.0,697.0
Kha Vạn Cân,354956,69,9,10205.0,1331.0
Kha Vạng Cân,354956,69,9,10205.0,1331.0
Đường Kha Vạn Cân,354956,69,9,10205.0,1331.0
Dương Quang Đông,118356,71,10,3501.0,493.0
Gò Dưa,241368,75,9,7543.0,905.0
Linh Đông,100057,75,6,3127.0,250.0
Đường số 36,62005,70,7,1808.0,181.0
Lê Khôi,66998,75,8,2094.0,223.0
Hoàng Diệu 2,283316,73,9,8618.0,1062.0
Phước Thiện,196113,78,9,6374.0,735.0
Văn Thân,175048,73,10,5324.0,729.0
Tây Lân,151372,78,5,4920.0,315.0
Hương Lộ 2,320687,77,6,10289.0,802.0
Hương lộ 2,320687,77,6,10289.0,802.0
Trần Khắc Chân,194716,77,7,6247.0,568.0
Nguyễn Thức Đường,193571,76,10,6130.0,807.0
Trần Văn Giàu,309836,77,8,9941.0,1033.0
Đường Trần Văn Giàu,309836,77,8,9941.0,1033.0
Tôn Thất Hiệp,149100,70,6,4349.0,373.0
Đặng Văn Bi,378502,73,9,11513.0,1419.0
Đào Tấn,278450,76,10,8818.0,1160.0
Tam Bình,234507,76,10,7426.0,977.0
Nguyễn Cửu Phú,100932,70,5,2944.0,210.0
Tân Thuận,299148,77,6,9598.0,748.0
Thích Quảng Đức,326574,71,9,9661.0,1225.0
Lê Sát,80296,74,5,2476.0,167.0
Dương Thị Mười,257592,72,5,7728.0,537.0
Lương Minh Nguyệt,131794,69,8,3789.0,439.0
Phạm Văn Chí,242791,73,7,7385.0,708.0
Đường Phạm Văn Chí,242791,73,7,7385.0,708.0
Hẻm 658 Phạm Văn Chí,242791,73,7,7385.0,708.0
Hẻm 490 Phạm Văn Chí,242791,73,7,7385.0,708.0
Hẻm 367-VL,42791,73,7,1302.0,125.0
Hẻm 398-VL,42791,73,7,1302.0,125.0
Lương Thế Vinh,117858,73,10,3585.0,491.0
Đại Lộ III,89940,77,6,2886.0,225.0
Phan Văn Hớn,315992,77,5,10138.0,658.0
Đường Phan Văn Hớn,315992,77,5,10138.0,658.0
Phạm Đăng Giảng,163021,77,10,5230.0,679.0
Nguyễn Đức Cảnh,117453,71,10,3475.0,489.0
Xóm Củi,10052,69,9,289.0,38.0
Trần Não,256148,71,7,7578.0,747.0
Thới Hòa,91522,72,9,2746.0,343.0
Vĩnh Lộc,127062,78,6,4130.0,318.0
Võ Thị Liễu,37062,78,6,1205.0,93.0
Đường Đê Số 1,27062,78,6,880.0,68.0
Đường Kênh C,37062,78,6,1205.0,93.0
đường Nguyễn Thị Huê,97062,78,6,3155.0,243.0
Duong Trần Hải Phụng,67062,78,6,2180.0,168.0
Đường Nguyễn Văn Búa,47062,78,6,1530.0,118.0
Xã Xuân Thới Thượng,77062,78,6,2505.0,193.0
Xuân Thới Thượng 9,77062,78,6,2505.0,193.0
Xã Đông Thạnh,77062,78,6,2505.0,193.0
Đường Võ Trần Chí,67062,78,6,2180.0,168.0
Hẻm 100 Bùi Minh Trực,67062,78,6,2180.0,168.0
Hẻm 1199 Phạm Thế Hiển,77062,78,6,2505.0,193.0
Nguyễn Bình,135868,75,7,4246.0,396.0
Lê Qúy Đôn,135868,75,7,4246.0,396.0
Lê Quý Đôn,135868,75,7,4246.0,396.0
Đường CN2,145868,75,7,4558.0,425.0
Đường Rạch Cấu Suối,135868,75,7,4246.0,396.0
Phú Thạnh,135868,75,7,4246.0,396.0
Đường Trấn Văn Giàu,125868,75,7,3933.0,367.0
Thị trấn Tân Túc,52868,75,7,1652.0,154.0
Xã Hưng Long,52868,75,7,1652.0,154.0
Xã An Phú Tây,42868,75,7,1340.0,125.0
Cầu Cả Bốn,502868,75,7,15715.0,1467.0
Phường 13,91068,75,7,2846.0,266.0
Phường 19,91068,75,7,2846.0,266.0
Phường 10,101068,75,7,3158.0,295.0
Xã Thới Tam Thôn,71068,75,7,2221.0,207.0
Phường 14,111068,75,7,3471.0,324.0
Phường Phước Long B,120868,75,7,3777.0,353.0
Phường Phước Long A,110868,75,7,3465.0,323.0
Phường An Phú Đông,92868,75,7,2902.0,271.0
An Phú Đông 9,92868,75,7,2902.0,271.0
Lê Thị Hồng,92868,75,7,2902.0,271.0
Trần Bạch Đằng,102868,75,7,3215.0,300.0
Hẻm 5 Hạnh Thông,32868,75,7,1027.0,96.0
Phường Thạnh Mỹ Lợi,80868,75,7,2527.0,236.0
Phường An Lợi Đông,120868,75,7,3777.0,353.0
Phường Long Bình,142868,75,7,4465.0,417.0
Phường An Phú,142868,75,7,4465.0,417.0
Phường Long Trường,122868,75,7,3840.0,358.0
Phường Tân Thuận Tây,112868,75,7,3527.0,329.0
Phường Hiệp Bình Phước,132868,75,7,4152.0,388.0
Phường Tam Phú,115868,75,7,3621.0,338.0
Phường Linh Xuân,125868,75,7,3933.0,367.0
đường Thái Thị Giữ,55868,75,7,1746.0,163.0
Đường số 21,75868,75,7,2371.0,221.0
Đường số 12,85868,75,7,2683.0,250.0
Trường Sa,388304,77,7,12458.0,1133.0
Huyện Bình Chánh,281688,76,10,8920.0,1174.0
Bến Nguyễn Duy,284688,76,10,9015.0,1186.0
Vĩnh Phú,284488,76,10,9009.0,1185.0
Vĩnh Phú 14,284488,76,10,9009.0,1185.0
Vĩnh Phú 41,284488,76,10,9009.0,1185.0
Vĩnh Phú 42,284488,76,10,9009.0,1185.0
Vĩnh Phú 40,284488,76,10,9009.0,1185.0
Vĩnh Phú 16,284488,76,10,9009.0,1185.0
Vĩnh Phú 10,284488,76,10,9009.0,1185.0
Xã Vĩnh Lộc B,284188,76,10,8999.0,1184.0
Xã Tân Nhựt,244688,76,10,7748.0,1020.0
Xã Bình Hưng,184688,76,10,5848.0,770.0
Xã Bình Chánh,174688,76,10,5532.0,728.0
Xã Tân Xuân,224688,76,10,7115.0,936.0
Xã Hưng Long,124688,76,10,3948.0,520.0
Phường Hiệp Bình Chánh,166688,76,10,5278.0,695.0
Phường Long Phước,126688,76,10,4012.0,528.0
Phường Bình Chiểu,186688,76,10,5912.0,778.0
Phường Linh Đông,196688,76,10,6228.0,820.0
Quận 6,394488,79,10,12985.0,1644.0
Quận Phú Nhuận,394488,79,10,12985.0,1644.0
Quận 12,394488,79,10,12985.0,1644.0
Quận 11,394488,79,10,12985.0,1644.0
Quận Gò Vấp,396488,79,10,13051.0,1652.0
Nguyên Hồng,206488,79,10,6797.0,860.0
Quận Tân Bình,384688,79,10,12663.0,1603.0
Quận Bình Tân,354688,79,10,11675.0,1478.0
Quận 8,324768,79,10,10690.0,1353.0
Cầu Bình Phú,254688,72,10,7641.0,1061.0
Cầu Tám Cao,154688,72,10,4641.0,645.0
Xã Bà Điểm,284678,76,10,9015.0,1186.0
Cầu Calmette,305909,71,8,9050.0,1020.0
Bến Bùi Huy Bích,83231,50,30,1734.0,1040.0
Tạ Quang Bửu,153231,50,30,3192.0,1915.0
Tam Đa,53231,50,30,1109.0,665.0
Tam Đảo nối dài,53231,50,30,1109.0,665.0
Xuân Thới Sơn - Xuân Thới Dông,53231,50,30,1109.0,665.0
Đường Song Hành Ql 22,153231,50,30,3192.0,1915.0
Quốc lộ 22,153231,50,30,3192.0,1915.0
Quớc Lộ 22,153231,50,30,3192.0,1915.0
Đường 10Tây,50123,50,20,1044.0,418.0
Vành Đai Trong,350123,50,20,7294.0,2918.0
Nguyễn Khoái,233000,80,10,7767.0,971.0
Lê Văn Lương,263000,80,10,8767.0,1096.0
Đường Lê Văn Lương,263000,80,10,8767.0,1096.0
Phường Tân Chánh Hiệp,163000,80,10,5433.0,679.0
Lê Minh Xuân,105115,80,10,3504.0,438.0
Tân Phú,105115,80,10,3504.0,438.0
Lê Văn Thịnh,105115,80,10,3504.0,438.0
Nguyễn Thị Nhỏ,105115,80,10,3504.0,438.0
Đường Nguyễn Thị Nhỏ,105115,80,10,3504.0,438.0
Nguyễn Chí Thanh,105115,80,10,3504.0,438.0
Đường Nguyễn Chí Thanh,105115,80,10,3504.0,438.0
Lý Chính Thắng,105115,80,10,3504.0,438.0
Huỳnh Tấn Phát,268001,80,10,8933.0,1117.0
Hoàng Văn Thụ,268001,80,10,8933.0,1117.0
Đường Hoàng Văn Thụ,268001,80,10,8933.0,1117.0
Hai Bà Trưng,165741,80,10,5525.0,691.0
Đinh Tiên Hoàng,156953,80,10,5232.0,654.0
Chu Văn An,156208,80,10,5207.0,651.0
Đinh Bộ Lĩnh,256208,80,10,8540.0,1068.0
Hầm sông Sài Gòn,274571,80,10,9152.0,1144.0
Đường hầm sông Sài Gòn,515346,80,10,17178.0,2147.0
Cầu Sài Gòn 2,715346,80,10,23845.0,2981.0
Cầu Sài Gòn 1,715346,80,10,23845.0,2981.0
Cầu Nguyễn Văn Cừ,274571,80,10,9152.0,1144.0
Hẻm 135 Nguyễn Hữu Cảnh,63373,80,10,2112.0,264.0
Hẻm 130,63373,80,10,2112.0,264.0
Hẻm 77,63373,80,10,2112.0,264.0
Hẻm 120,63373,80,10,2112.0,264.0
Hẻm Số 354,63373,80,10,2112.0,264.0
Hầm Nguyễn Hữu Cảnh,83373,80,10,2779.0,347.0
Cầu vượt Nguyễn Hữu Cảnh,183373,80,10,6112.0,764.0
Cầu Kênh Tẻ,368342,80,10,12278.0,1535.0
Hùng Vương,117159,77,12,3759.0,586.0
Đường Hùng Vương,117159,77,12,3759.0,586.0
Pham Ngũ Lão,176924,81,11,5971.0,811.0
Phạm Hồng Thái,109914,67,16,3068.0,733.0
Nguyễn Văn Nghi,172410,78,3,5603.0,216.0
Hẻm 357 Hậu Giang,15291,57,4,363.0,25.0
Hẻm 97,15291,57,4,363.0,25.0
Hẻm 995 Hồng Bàng,11291,57,4,268.0,19.0
Hẻm 402 Hậu Giang,21291,57,4,506.0,35.0
Hậu Giang,211291,57,4,5018.0,352.0
Huyện Hóc Môn,211291,57,4,5018.0,352.0
Quốc lộ 13,242520,59,19,5962.0,1920.0
An Phú Tây - Hưng Long,205671,86,9,7370.0,771.0
Dường An Phú,125671,86,9,4503.0,471.0
Quốc lộ 1A,205671,86,9,7370.0,771.0
Đường Quốc Lộ 1A,205671,86,9,7370.0,771.0
Cao tốc TP. Hồ Chí Minh - Long Thành - Dầu Giây,121226,0,29,0.0,1465.0
Hồ Chí Minh - Trung Lương,179505,0,46,0.0,3441.0
Đường cao tốc Thành phố Hồ Chí Minh – Trung Lương,179505,0,46,0.0,3441.0
Hàm Nghi,130395,45,19,2445.0,1032.0
Nguyễn Văn Cừ,274567,87,11,9953.0,1258.0
Đường Nguyễn Văn Cừ,274567,87,11,9953.0,1258.0
Nguyễn Oanh,215327,87,11,7806.0,987.0
Đường Nguyễn Oanh,215327,87,11,7806.0,987.0
Nam Kỳ Khởi Nghĩa,197329,79,14,6495.0,1151.0
Lê Lai,100396,76,12,3179.0,502.0
Nguyễn Đình Chiểu,108326,77,14,3475.0,632.0
Cầu Nguyễn Tri Phương,56755,72,12,1703.0,284.0
Ngã Sáu Nguyễn Tri Phương,146755,72,12,4403.0,734.0
Nguyễn Tri Phương,206755,72,12,6203.0,1034.0
Đường Nguyễn Tri Phương,206755,72,12,6203.0,1034.0
Ngô Gia Tự,165777,76,12,5250.0,829.0
Xô Viết Nghệ Tĩnh,245529,79,9,8082.0,921.0
Đường Song Hành Xa lộ Hà Nội,667567,61,21,16967.0,5841.0
Đường Song Hành Xa lộ Hà Nội,667567,61,21,16967.0,5841.0
Đường Song Hành Xa lộ Hà Nội - Nhánh Thủ Đức,667567,61,21,16967.0,5841.0
Đường Song Hành Xa lộ Hà Nội - Nhánh Quận 9,667567,61,21,16967.0,5841.0
Đướng Song Hành Xa Lộ Hà Nội,667567,61,21,16967.0,5841.0
Đường Song Hành,667567,61,21,16967.0,5841.0
Xa Lộ Hà Nội,667567,61,21,16967.0,5841.0
Xa lộ Hà Nội,667567,61,21,16967.0,5841.0
Nguyễn Văn Bá,367567,61,21,9342.0,3216.0
Dương Bá Cung,67567,61,21,1717.0,591.0
Nguyễn Văn Bá (nối dài),367567,61,21,9342.0,3216.0
Võ Văn Tần,80408,74,17,2479.0,570.0
Cầu vượt Võ Văn Kiệt (Đông Tây),100548,71,22,2975.0,922.0
Cầu vượt Võ Văn Kiệt,100548,71,22,2975.0,922.0
Võ Văn Kiệt (Đông Tây),330548,71,22,9779.0,3030.0
Đại Lộ Võ Văn Kiệt (Đông Tây),330548,71,22,9779.0,3030.0
Đại Lộ 3,100548,71,22,2975.0,922.0
Võ Văn Kiệt,330548,71,22,9779.0,3030.0
Đường Võ Văn Kiệt,330548,71,22,9779.0,3030.0
Trường Sơn,303548,71,22,8980.0,2783.0
Trương Quốc Dung,36743,85,13,1301.0,199.0
Trường Chinh,434370,70,14,12669.0,2534.0
Trần Phú,86200,84,8,3017.0,287.0
Đường Trần Phú,86200,84,8,3017.0,287.0
Trần Huy Liệu,64790,81,16,2187.0,432.0
Đường Trần Huy Liệu,64790,81,16,2187.0,432.0
Thành Thái,203188,80,10,6773.0,847.0
Đường Thành Thái,203188,80,10,6773.0,847.0
Tân Hoà Đông,136503,88,2,5005.0,114.0
Đường Tân Hòa Đông,136503,88,2,5005.0,114.0
Cầu vượt Quang Trung,186328,88,5,6832.0,388.0
Quang trung,486328,88,5,17832.0,1013.0
Quang Trung,486328,88,5,17832.0,1013.0
Đường Quang Trung,486328,88,5,17832.0,1013.0
Phan Đăng Lưu,345053,75,10,10783.0,1438.0
Phạm Văn Đồng,37157,74,19,1146.0,294.0
Phạm Ngọc Thạch,84264,77,20,2703.0,702.0
Pasteur,94380,71,22,2792.0,865.0
Marie Curie,94380,71,22,2792.0,865.0
Nguyễn Văn Trỗi,211156,70,22,6159.0,1936.0
Hẻm 15c Nguyễn Văn Trỗi,211156,70,22,6159.0,1936.0
Nguyễn Văn Lượng,86256,84,8,3019.0,288.0
Đường Nguyễn Văn Lượng,86256,84,8,3019.0,288.0
Nguyễn Văn Luông,124877,86,5,4475.0,260.0
Đường Nguyễn Văn Luông,124877,86,5,4475.0,260.0
Lê Văn Linh,18180,65,18,492.0,136.0
Vòng xoay Nguyễn Văn Linh - Quốc lộ 1A,208180,65,18,5638.0,1561.0
Đường số 7,158180,65,18,4284.0,1186.0
Nguyễn Văn Linh,208180,65,18,5638.0,1561.0
Phường Tân Phong,108180,65,18,2930.0,811.0
Đường Nguyễn Văn Linh,208180,65,18,5638.0,1561.0
Tản Đà,113692,87,9,4121.0,426.0
Nguyễn Trãi,113692,87,9,4121.0,426.0
Đường Nguyễn Trãi,113692,87,9,4121.0,426.0
Cầu Đi Bộ Số 7,13692,87,9,496.0,51.0
An Bình,23692,87,9,859.0,89.0
Phường Trường Thạnh,123692,87,9,4484.0,464.0
Nguyễn Thị Thập,125869,81,12,4248.0,629.0
Đường Nguyễn Thị Thập,125869,81,12,4248.0,629.0
Nguyễn Thị Nghĩa,231853,77,14,7439.0,1352.0
Đường Nguyễn Thị Nghĩa,231853,77,14,7439.0,1352.0
Nguyễn Thị Minh Khai,299220,74,15,9226.0,1870.0
Vòng xoay Ngã Sáu Nguyễ Thái Sơn,135171,85,4,4787.0,225.0
Nguyễn Thái Sơn,135171,85,4,4787.0,225.0
Đường Nguyễn Thái Sơn,135171,85,4,4787.0,225.0
Nguyễn Tất Thành,327939,68,17,9292.0,2323.0
Nguyễn Kiệm,347952,76,13,11018.0,1885.0
Đường Nguyễn Kiệm,347952,76,13,11018.0,1885.0
Bùi Thiện Ngộ,147952,76,13,4685.0,801.0
Tố Hữu,247952,76,13,7852.0,1343.0
Nguyễn Thiện Thành,127952,76,13,4052.0,693.0
Nguyễn Hữu Thọ,201379,74,17,6209.0,1426.0
Đường Nguyễn Hữu Thọ,201379,74,17,6209.0,1426.0
Phường Hiệp Thành,231379,74,17,7134.0,1639.0
Nguyễn Hữu Cảnh,261304,57,31,6206.0,3375.0
Đướng Nguyễn Hữu Cảnh,261304,57,31,6206.0,3375.0
Mai Chí Thọ,220118,62,16,5686.0,1467.0
Hẻm 373 Lý Thường Kiệt,26432,78,10,859.0,110.0
Hẻm 297 Lý Thường Kiệt,36432,78,10,1184.0,152.0
Đường Số 354/15 Đướng Lý Thường Kiêt,16432,78,10,534.0,68.0
Lý Thường Kiệt,416432,78,10,13534.0,1735.0
Đường Lý Thường Kiệt,416432,78,10,13534.0,1735.0
Cầu vượt Lý Thái Tổ - Nguyễn Tri Phương,250108,77,12,8024.0,1251.0
Ngã Bảy Lý Thái Tổ,250108,77,12,8024.0,1251.0
Lý Thái Tổ,250108,77,12,8024.0,1251.0
Đường Lý Thái Tổ,250108,77,12,8024.0,1251.0
Tổ 136,150108,77,12,4816.0,751.0
Hẻm 151 Lũy Bán Bích,60721,77,9,1948.0,228.0
Phú Hòa,100721,77,9,3231.0,378.0
Đường Phú Hòa,100721,77,9,3231.0,378.0
Bình Long,150721,77,9,4836.0,565.0
Lũy Bán Bích,160721,77,9,5156.0,603.0
Đường Lũy Bán Bích,160721,77,9,5156.0,603.0
Cầu Lê Văn Sỹ,159277,88,7,5840.0,465.0
Lê Văn Sỹ,159277,88,7,5840.0,465.0
Lê Hồng Phong,202889,90,6,7608.0,507.0
Đường Lê Hồng Phong,202889,90,6,7608.0,507.0
Vòng xoay Lê Đại Hành,370202,77,5,11877.0,771.0
Lê Đại Hành,370202,77,5,11877.0,771.0
Đường Lê Đại Hành,370202,77,5,11877.0,771.0
Hẻm 602 Điện Biên Phủ,501123,69,18,14407.0,3758.0
Vòng xoay Điện Biên Phủ,555773,69,18,15978.0,4168.0
Điện Biên Phủ,555773,69,18,15978.0,4168.0
Đường Ðiện Biên Phủ,555773,69,18,15978.0,4168.0
Hẻm 506 Lạc Long Quân,7230,83,10,250.0,30.0
Hẻm 341 Lạc Long Quân,2140,83,10,74.0,9.0
Vòng xoay Lạc Long Quân,142082,83,10,4914.0,592.0
Hẻm 1129 Lạc Long Quân,15647,83,10,541.0,65.0
Hẻm 416 Lạc Long Quân,8123,83,10,281.0,34.0
Lạc Long Quân,142082,83,10,4914.0,592.0
Đường Lạc Long Quân,142082,83,10,4914.0,592.0
Phường An Lạc A,142082,83,10,4914.0,592.0
Hẻm 574 Kinh Dương Vương,33447,63,11,878.0,153.0
Hẻm 312 Kinh Dương Vương,33447,63,11,878.0,153.0
Nguyễn Trọng Trí,33447,63,11,878.0,153.0
Đường Hoàng Trọng Hậu,63447,63,11,1665.0,291.0
Kinh Dương Vương,333447,63,11,8753.0,1528.0
Đường Kinh Dương Vương,333447,63,11,8753.0,1528.0
Hẻm 504 Kinh Dương Vương,43447,63,11,1140.0,199.0
Châu Văn Liêm,295304,75,10,9228.0,1230.0
Đường Châu Văn Liêm,295304,75,10,9228.0,1230.0
Hồng Bàng,395304,75,10,12353.0,1647.0
Đường Hồng Bàng,395304,75,10,12353.0,1647.0
Hoàng Minh Giám,287310,79,11,9457.0,1317.0
Hoà Bình,241898,80,4,8063.0,403.0
Ngã sáu Cộng Hòa,508546,80,10,16952.0,2119.0
Cầu vượt Cộng Hòa - Hoàng Hoa Thám,208546,80,10,6952.0,869.0
Cộng Hoà,508546,76,15,16104.0,3178.0
Đường Cộng Hòa,508546,76,15,16104.0,3178.0
Cộng Hòa,508546,76,15,16104.0,3178.0
Cách Mạng Tháng Tám,238746,84,11,8356.0,1094.0
Đường Cách Mạng Tháng Tám,238746,84,11,8356.0,1094.0
Nguyễn Hồng Đào,121199,83,7,4191.0,353.0
Âu Cơ,201199,83,7,6958.0,587.0
Phạm Thiều,71199,83,7,2462.0,208.0
Đường Âu Cơ,201199,83,7,6958.0,587.0
An Dương Vương,175726,85,10,6224.0,732.0
Đường An Dương Vương,175726,85,10,6224.0,732.0
Bà hòm,199313,89,3,7391.0,249.0
Ba tháng 2,317821,70,10,9270.0,1324.0
Đường 3 Tháng 2,317821,70,10,9270.0,1324.0
Bạch Đằng,320682,78,7,10422.0,935.0
Phường Cát Lái,185688,76,10,5880.0,774.0
Phường Tăng Nhơn Phú B,185688,76,10,5880.0,774.0
Thành phố Thuận An,385688,76,10,12213.0,1607.0
Phường 15,184688,76,10,5848.0,770.0
Phường 17,124688,76,10,3948.0,520.0
Phường Tân Thới Hiệp,134688,76,10,4265.0,561.0
Phường Thảo Điền,281688,76,10,8920.0,1174.0
Phường Đông Hòa,194688,76,10,6165.0,811.0
Phường Phú Thuận,244688,76,10,7748.0,1020.0
Phường Thạnh Lộc,134688,76,10,4265.0,561.0
Phường Tân Hưng Thuận,134788,76,10,4268.0,562.0
Phường Bình Hưng Hòa B,204788,76,10,6485.0,853.0
Xã Xuân Thới Đông,104788,76,10,3318.0,437.0
Xã Mỹ Yên,124788,76,10,3952.0,520.0
Xã Tân Thới Nhì,114788,76,10,3635.0,478.0
Xã Long Hưng,104788,76,10,3318.0,437.0
Long Hưng,14788,76,10,468.0,62.0
Nam Cao,74788,76,10,2368.0,312.0
Xã Tân Quý Tây,44788,76,10,1418.0,187.0
Xã Phong Phú,44788,76,10,1418.0,187.0
